Rk,Player,salary,type,Season,Age,Tm,Lg,MP,PER,G,GS,MP,FG,FGA,2P,2PA,3P,3PA,FT,FTA,ORB,DRB,TRB,AST,STL,BLK,TOV,PF,PTS,FG%,2P%,3P%,eFG%,FT%,TS%
1,Giannis Antetokounmpo,25842697,1st Round Pick,2018-19,24,MIL,NBA,32.8,30.9,72,72,2358,11,19,10.2,15.9,0.8,3.1,7.6,10.5,2.4,11.3,13.7,6.5,1.4,1.7,4.1,3.5,30.4,0.578,0.641,0.256,0.599,0.729,0.644
2,James Harden,37800000,Bird Rights,2018-19,29,HOU,NBA,36.8,30.6,78,78,2867,10.6,24,5.8,11.1,4.7,12.9,9.5,10.8,0.8,5.7,6.5,7.4,2,0.7,4.9,3.1,35.4,0.442,0.528,0.368,0.541,0.879,0.616
3,Anthony Davis,27093019,1st Round Pick,2018-19,25,NOP,NBA,33,30.3,56,56,1850,10.3,20,9.4,17.1,0.9,2.8,6.7,8.4,3.4,9.7,13.1,4.2,1.7,2.6,2.2,2.6,28.3,0.517,0.547,0.331,0.54,0.794,0.597
4,Nikola Jokić,26573595,0,2018-19,23,DEN,NBA,31.3,26.3,80,80,2504,8.9,17.3,7.7,13.5,1.2,3.9,4.2,5.1,3.3,9.2,12.4,8.3,1.6,0.8,3.6,3.3,23.1,0.511,0.569,0.307,0.545,0.821,0.589
5,Karl-Anthony Towns,27250000,1st round pick,2018-19,23,MIN,NBA,33.1,26.3,77,77,2545,9.6,18.6,7.6,13.6,2,5,5.3,6.4,3.7,9.8,13.5,3.7,0.9,1.8,3.4,4.1,26.6,0.518,0.562,0.4,0.572,0.836,0.622
6,Joel Embiid,27504630,1st Round Pick,2018-19,24,PHI,NBA,33.7,26.1,64,64,2154,9.7,20,8.4,15.6,1.3,4.4,8.7,10.8,2.7,11.9,14.6,3.9,0.8,2,3.8,3.5,29.4,0.484,0.535,0.3,0.517,0.804,0.593
7,Kawhi Leonard,32742000,0,2018-19,27,TOR,NBA,34,25.8,60,60,2040,9.9,19.9,7.9,14.6,2,5.3,6.4,7.5,1.4,6.4,7.7,3.5,1.9,0.4,2.1,1.5,28.2,0.496,0.542,0.371,0.546,0.854,0.606
8,LeBron James,37436858,0,2018-19,34,LAL,NBA,35.2,25.6,55,55,1937,10.4,20.4,8.3,14.3,2.1,6.1,5.2,7.8,1.1,7.6,8.6,8.4,1.3,0.6,3.7,1.7,28,0.51,0.582,0.339,0.56,0.665,0.588
9,Nikola Vučević,28000000,0,2018-19,28,ORL,NBA,31.4,25.5,80,80,2510,10.1,19.4,8.8,16.1,1.2,3.3,2.6,3.3,3.2,10.6,13.8,4.4,1.2,1.3,2.3,2.3,23.9,0.518,0.549,0.364,0.549,0.789,0.573
10,Rudy Gobert,25008427,1st Round Pick,2018-19,26,UTA,NBA,31.8,24.6,81,80,2577,6.6,9.9,6.6,9.9,0,0,4.6,7.3,4.3,10.2,14.5,2.2,0.9,2.6,1.8,3.2,17.9,0.669,0.669,,0.669,0.636,0.682
11,Stephen Curry,40231758,Bird Rights,2018-19,30,GSW,NBA,33.8,24.4,69,69,2331,9.8,20.7,4.3,8.2,5.5,12.5,4.1,4.4,0.7,5,5.7,5.6,1.4,0.4,3,2.6,29.1,0.472,0.525,0.437,0.604,0.916,0.641
12,Jonas Valančiūnas,16000000,0,2018-19,26,TOT,NBA,22.3,24.4,49,27,1091,9.9,17.8,9.5,16.2,0.5,1.6,4.9,6.1,3.5,10.3,13.8,2.3,0.6,1.7,3,4.8,25.2,0.559,0.586,0.292,0.572,0.795,0.616
13,Kyrie Irving,31742000,0,2018-19,26,BOS,NBA,33,24.3,67,67,2214,9.8,20.2,7,13.1,2.8,7.1,3.5,4,1.2,4.3,5.4,7.5,1.7,0.6,2.8,2.7,26,0.487,0.533,0.401,0.557,0.873,0.592
14,Kevin Durant,37199000,0,2018-19,30,GSW,NBA,34.6,24.2,78,78,2702,9.6,18.4,7.8,13.3,1.8,5.2,6,6.7,0.4,6.2,6.6,6.1,0.8,1.1,3,2.1,27,0.521,0.587,0.353,0.571,0.885,0.631
15,Clint Capela,16456522,0,2018-19,24,HOU,NBA,33.6,23.8,67,67,2249,7.6,11.7,7.6,11.7,0,0,2.7,4.2,4.8,8.8,13.6,1.5,0.7,1.6,1.5,2.7,17.8,0.648,0.648,,0.648,0.636,0.658
16,Damian Lillard,29802321,1st Round Pick,2018-19,28,POR,NBA,35.5,23.7,80,80,2838,8.6,19.4,5.6,11.3,3,8.2,5.9,6.5,0.9,3.8,4.7,7,1.1,0.4,2.7,1.9,26.2,0.444,0.499,0.369,0.522,0.912,0.588
17,Hassan Whiteside,27093018,Cap Space,2018-19,29,MIA,NBA,23.3,23.5,72,53,1674,8.3,14.6,8.3,14.3,0,0.3,2.3,5.2,5.5,12,17.6,1.2,1,2.9,2.1,4.1,19.1,0.571,0.581,0.125,0.572,0.449,0.564
18,Andre Drummond,27093019,Cap Space,2018-19,25,DET,NBA,33.5,23.4,79,79,2647,7.6,14.3,7.6,13.8,0.1,0.5,3.3,5.6,5.8,11,16.8,1.5,1.8,1.9,2.4,3.7,18.6,0.533,0.548,0.132,0.536,0.59,0.555
19,Montrezl Harrell,6000000,0,2018-19,25,LAC,NBA,26.3,23.4,82,5,2158,9.1,14.8,9.1,14.5,0.1,0.3,4.4,6.9,3.1,5.9,8.9,2.7,1.2,1.8,2.2,4.3,22.7,0.615,0.623,0.176,0.617,0.643,0.636
20,Jusuf Nurkić,12000000,0,2018-19,24,POR,NBA,27.4,23.4,72,72,1974,7.7,15.1,7.6,14.5,0.1,0.5,5.1,6.7,4.4,9.2,13.6,4.2,1.3,1.9,3.1,4.6,20.5,0.508,0.523,0.103,0.51,0.773,0.57
21,Paul George,33005556,Maximum Salary,2018-19,28,OKC,NBA,36.9,23.3,77,77,2841,9,20.5,5.3,10.9,3.7,9.6,5.7,6.8,1.3,6.6,8,4,2.2,0.4,2.6,2.7,27.4,0.438,0.484,0.386,0.529,0.839,0.583
22,LaMarcus Aldridge,26000000,Cap Space,2018-19,33,SAS,NBA,33.2,22.9,81,81,2687,9.2,17.7,9,17.1,0.1,0.6,4.7,5.5,3.4,6.6,10,2.6,0.6,1.4,1.9,2.4,23.1,0.519,0.528,0.238,0.522,0.847,0.576
24,Enes Kanter,4767000,Room Exception,2018-19,26,TOT,NBA,24.5,22.3,67,31,1640,8.2,15,8,14.2,0.2,0.7,3.4,4.3,5.6,8.8,14.5,2.5,0.7,0.6,2.6,3.7,20.1,0.549,0.562,0.294,0.556,0.787,0.594
25,Mitchell Robinson,1559712,MLE,2018-19,20,NYK,NBA,20.6,22,66,19,1360,5.3,7.7,5.3,7.7,0,0,2.1,3.6,4.7,6.5,11.2,1,1.4,4.3,0.9,5.7,12.8,0.694,0.694,,0.694,0.6,0.692
26,Domantas Sabonis,3529555,1st Round pick,2018-19,22,IND,NBA,24.8,21.9,74,5,1838,8.1,13.7,7.9,13.4,0.2,0.3,4.1,5.7,3.6,9.9,13.5,4.2,0.9,0.6,3.1,4.7,20.4,0.59,0.592,0.529,0.596,0.715,0.63
27,John Collins,2686560,1st Round Pick,2018-19,21,ATL,NBA,30,21.8,61,59,1829,9.2,16.4,8.1,13.2,1.1,3.1,4,5.2,4.3,7.4,11.7,2.4,0.4,0.8,2.4,3.9,23.4,0.56,0.609,0.348,0.593,0.763,0.627
28,Derrick Favors,16900000,0,2018-19,27,UTA,NBA,23.2,21.8,76,70,1766,7.4,12.6,7.1,11,0.3,1.6,3.1,4.6,4.2,7.2,11.4,1.8,1.1,2.2,1.7,3.3,18.3,0.586,0.64,0.218,0.6,0.675,0.624
29,JaVale McGee,4000000,0,2018-19,31,LAL,NBA,22.3,21.8,75,62,1671,8.6,13.8,8.6,13.6,0,0.3,2.1,3.3,4.2,8,12.2,1.1,1,3.2,2.3,4.5,19.3,0.624,0.634,0.083,0.625,0.632,0.634
30,Kemba Walker,34379100,0,2018-19,28,CHO,NBA,34.9,21.7,82,82,2863,9.2,21.2,5.9,12,3.3,9.2,4.8,5.7,0.7,3.9,4.5,6.1,1.3,0.4,2.7,1.6,26.4,0.434,0.494,0.356,0.511,0.844,0.558
33,Mike Conley,32511623,Cap Space,2018-19,31,MEM,NBA,33.5,21.4,70,70,2342,7.5,17.2,5.1,10.7,2.4,6.5,5.3,6.2,0.6,3.1,3.7,6.9,1.4,0.3,2,1.9,22.7,0.438,0.483,0.364,0.507,0.845,0.569
35,Lou Williams,8000000,Cap Space,2018-19,32,LAC,NBA,26.6,21.2,75,1,1993,8.7,20.6,6.8,15.3,1.9,5.3,7.7,8.8,0.7,3.3,4,7.3,1,0.2,3.3,1.4,27.1,0.425,0.447,0.361,0.471,0.876,0.554
36,Russell Westbrook,38178000,Bird Rights,2018-19,30,OKC,NBA,36,21.1,73,73,2630,8.6,20.2,7,14.5,1.6,5.6,4.1,6.2,1.5,9.6,11,10.7,1.9,0.5,4.4,3.4,22.9,0.428,0.481,0.29,0.468,0.656,0.501
37,Thomas Bryant,7936508,0,2018-19,21,WAS,NBA,20.8,21,72,53,1496,7.4,12.1,6.6,9.7,0.8,2.4,2.6,3.3,2.7,8.2,10.9,2.2,0.6,1.6,1.4,3,18.2,0.616,0.685,0.333,0.648,0.781,0.674
38,Danilo Gallinari,22615559,Sign and Trade,2018-19,30,LAC,NBA,30.3,21,68,68,2059,7.2,15.5,4.3,9,2.8,6.5,6.4,7.1,0.9,6.3,7.3,3.1,0.9,0.4,1.7,2.3,23.5,0.463,0.484,0.433,0.554,0.904,0.633
39,Blake Griffin,34234964,Bird Rights,2018-19,29,DET,NBA,35,21,75,75,2622,8.5,18.4,5.9,11.2,2.6,7.2,5.7,7.6,1.4,6.4,7.8,5.5,0.7,0.4,3.5,2.7,25.3,0.462,0.525,0.362,0.532,0.753,0.581
40,Julius Randle,18000000,0,2018-19,24,NOP,NBA,30.6,21,73,49,2232,9.2,17.6,8.1,14.4,1.1,3.1,5.7,7.9,2.6,7.6,10.2,3.7,0.8,0.7,3.4,4,25.2,0.524,0.564,0.344,0.555,0.731,0.6
41,Bradley Beal,27093019,Cap Space,2018-19,25,WAS,NBA,36.9,20.8,82,82,3028,9.1,19.1,6.6,12,2.5,7.1,4.3,5.3,1.1,3.8,4.9,5.3,1.4,0.7,2.7,2.7,25,0.475,0.548,0.351,0.54,0.808,0.581
42,Richaun Holmes,4767000,Room Exception,2018-19,25,PHO,NBA,16.9,20.7,70,4,1184,6.8,11.1,6.8,11.1,0,0,3.9,5.3,3.5,6.6,10.1,1.8,1.3,2.4,1.6,5.9,17.4,0.608,0.608,,0.608,0.731,0.647
43,Deandre Ayton,9562920,1st Round Pick,2018-19,20,PHO,NBA,30.7,20.5,71,70,2183,8.4,14.3,8.4,14.3,0,0.1,2.3,3.1,3.7,8.3,12,2.1,1,1.1,2.1,3.4,19.1,0.585,0.588,0,0.585,0.746,0.608
44,Dwight Powell,10259375,Cap Space,2018-19,27,DAL,NBA,21.6,20.4,77,22,1662,6.3,10.5,5.4,7.8,0.8,2.8,4.2,5.5,3,5.9,8.9,2.4,1,1.1,1.5,4.4,17.7,0.597,0.699,0.307,0.637,0.772,0.682
45,Devin Booker,27250000,1st round pick,2018-19,22,PHO,NBA,35,20.2,64,64,2242,9.4,20.2,7.2,13.5,2.2,6.6,6.3,7.3,0.6,3.6,4.3,7,0.9,0.2,4.2,3.2,27.3,0.467,0.536,0.326,0.521,0.866,0.584
46,Jimmy Butler,32742000,0,2018-19,29,TOT,NBA,33.6,20.2,65,65,2185,6.9,14.9,5.8,11.7,1.1,3.2,5.1,6,2,3.6,5.6,4.3,2,0.6,1.6,1.8,20,0.462,0.494,0.347,0.499,0.855,0.571
47,Al Horford,28000000,0,2018-19,32,BOS,NBA,29,20.2,68,68,1973,7.1,13.2,5.7,9.5,1.3,3.7,1.4,1.7,2.2,6.2,8.4,5.2,1.1,1.6,1.9,2.3,16.9,0.535,0.604,0.36,0.586,0.821,0.605
48,Ben Simmons,8113930,1st Round pick,2018-19,22,PHI,NBA,34.2,20,79,79,2700,7.2,12.8,7.2,12.7,0,0.1,3.4,5.7,2.3,7,9.3,8.1,1.5,0.8,3.7,2.8,17.8,0.563,0.566,0,0.563,0.6,0.582
49,Chris Paul,38506482,0,2018-19,33,HOU,NBA,32,19.7,58,58,1857,5.9,14,3.4,7.1,2.5,6.9,3.4,3.9,0.7,4.4,5.1,9.2,2.2,0.3,2.9,2.8,17.6,0.419,0.479,0.358,0.508,0.862,0.56
50,DeMar DeRozan,27739975,Cap Space,2018-19,29,SAS,NBA,34.9,19.6,77,77,2688,8.5,17.6,8.4,17,0.1,0.6,4.9,5.9,0.7,5.5,6.2,6.4,1.2,0.5,2.7,2.4,21.9,0.481,0.492,0.156,0.483,0.83,0.542
51,Luka Dončić,7683360,1st Round Pick,2018-19,19,DAL,NBA,32.2,19.6,72,72,2318,7.9,18.4,5.2,10.4,2.6,8,5.4,7.5,1.3,7.4,8.7,6.7,1.2,0.4,3.8,2.1,23.7,0.427,0.503,0.327,0.497,0.713,0.545
53,Derrick Rose,7317073,MLE,2018-19,30,MIN,NBA,27.3,19.5,51,13,1392,9.4,19.5,8,15.7,1.4,3.8,3.5,4.1,0.9,2.8,3.6,5.7,0.8,0.3,2.1,1.5,23.7,0.482,0.509,0.37,0.518,0.856,0.557
54,Jrue Holiday,26131111,Bird Rights,2018-19,28,NOP,NBA,35.9,19.4,67,67,2402,8.2,17.4,6.4,11.9,1.8,5.4,3.1,4.1,1.1,3.9,5,7.8,1.6,0.8,3.1,2.2,21.3,0.472,0.539,0.325,0.523,0.768,0.555
55,Jakob Pöltl,3754886,1st Round pick,2018-19,23,SAS,NBA,16.5,19.4,77,24,1273,5.3,8.2,5.3,8.2,0,0,1.4,2.6,5,6.6,11.6,2.6,0.8,1.9,1.4,3.5,12,0.645,0.645,,0.645,0.533,0.64
56,D'Angelo Russell,27285000,0,2018-19,22,BRK,NBA,30.2,19.4,81,81,2448,9.7,22.3,6.2,13,3.4,9.3,2.4,3,0.8,3.9,4.6,8.3,1.5,0.3,3.7,2.1,25.2,0.434,0.482,0.369,0.512,0.78,0.533
57,Eric Bledsoe,15625000,Bird Rights,2018-19,29,MIL,NBA,29.1,19.3,78,78,2272,7.4,15.4,5.5,9.4,2,6,2.8,3.7,1.3,4.4,5.7,6.8,1.8,0.5,2.6,2.5,19.7,0.484,0.582,0.329,0.548,0.75,0.577
58,DeAndre Jordan,9881598,0,2018-19,30,TOT,NBA,29.7,19,69,69,2047,5,7.8,5,7.8,0,0,3.3,4.6,4,11.9,15.9,2.7,0.7,1.3,2.7,2.9,13.3,0.641,0.641,,0.641,0.705,0.674
59,Marvin Bagley,8556120,1st Round Pick,2018-19,19,SAC,NBA,25.3,18.9,62,4,1567,8.2,16.2,7.5,14,0.7,2.2,4.2,6,3.7,7.1,10.8,1.4,0.8,1.4,2.3,2.8,21.2,0.504,0.534,0.313,0.525,0.691,0.562
60,Ivica Zubac,6481482,0,2018-19,21,TOT,NBA,17.6,18.9,59,37,1040,7.3,13.1,7.3,13.1,0,0,3.5,4.4,4,8.6,12.5,2.2,0.5,1.8,2.4,4.7,18.2,0.559,0.559,,0.559,0.802,0.604
61,Serge Ibaka,23271604,Cap space,2018-19,29,TOR,NBA,27.2,18.7,74,51,2010,8.3,15.7,7.4,12.7,0.9,3,2.4,3.2,2.8,8,10.8,1.8,0.5,1.8,2,3.8,19.9,0.529,0.586,0.29,0.557,0.763,0.582
62,Zach LaVine,19500000,0,2018-19,23,CHI,NBA,34.5,18.7,63,62,2171,8.8,18.8,6.8,13.5,2,5.3,5.2,6.2,0.7,4.2,4.9,4.7,1,0.4,3.6,2.3,24.7,0.467,0.504,0.374,0.52,0.832,0.574
63,Pascal Siakam,2351839,1st Round pick,2018-19,24,TOR,NBA,31.9,18.7,80,79,2548,7.3,13.4,6.2,10.3,1.1,3,3.3,4.3,1.8,6,7.8,3.5,1,0.7,2.2,3.4,19.1,0.549,0.602,0.369,0.591,0.785,0.628
64,Larry Nance,12727273,1st Round pick,2018-19,26,CLE,NBA,26.8,18.6,67,30,1795,5,9.6,4.3,7.6,0.7,2,1.9,2.7,3.4,7.7,11.1,4.3,2,0.8,1.9,3.9,12.6,0.52,0.567,0.337,0.554,0.716,0.583
65,Joakim Noah,6431666,0,2018-19,33,MEM,NBA,16.5,18.6,42,1,693,5.7,11.1,5.7,11,0,0.1,4.1,5.7,3,9.4,12.4,4.6,1,1.6,2.6,5,15.5,0.516,0.519,0,0.516,0.716,0.571
66,Steven Adams,25842697,1st Round Pick,2018-19,25,OKC,NBA,33.4,18.5,80,80,2669,6.5,10.9,6.5,10.9,0,0,2,3.9,5.3,5,10.3,1.7,1.6,1,1.8,2.8,14.9,0.595,0.596,0,0.595,0.5,0.591
67,Jarrett Allen,2376840,1st Round Pick,2018-19,20,BRK,NBA,26.2,18.5,80,80,2096,5.8,9.8,5.7,9,0.1,0.8,3.4,4.8,3.3,8.3,11.5,1.9,0.7,2.1,1.8,3.2,15,0.59,0.629,0.133,0.595,0.709,0.632
68,Tristan Thompson,18539130,Bird Rights,2018-19,27,CLE,NBA,27.9,18.4,43,40,1198,6,11.4,6,11.4,0,0,2,3.2,5.2,8,13.2,2.6,0.8,0.5,1.8,2.7,14.1,0.529,0.529,,0.529,0.642,0.551
69,De'Aaron Fox,6392760,1st Round Pick,2018-19,21,SAC,NBA,31.4,18.1,81,81,2546,7.1,15.6,5.9,12.3,1.2,3.3,4.3,5.9,0.6,3.7,4.3,8.3,1.9,0.6,3.2,2.9,19.8,0.458,0.482,0.371,0.497,0.727,0.544
70,Willie Cauley-Stein,2177483,MLE,2018-19,25,SAC,NBA,27.3,18,81,81,2213,6.7,12.1,6.7,12,0,0,2.3,4.1,2.9,8.1,11,3.2,1.6,0.8,1.4,3.7,15.7,0.556,0.556,0.5,0.557,0.551,0.566
71,Myles Turner,18000000,1st round pick,2018-19,22,IND,NBA,28.6,18,74,74,2119,6.5,13.3,5.2,9.9,1.3,3.3,2.5,3.4,1.7,7.3,9,2,1,3.4,1.7,3.3,16.7,0.487,0.521,0.388,0.536,0.736,0.567
73,Bam Adebayo,3454080,1st Round Pick,2018-19,21,MIA,NBA,23.3,17.9,82,28,1913,5.3,9.1,5.2,8.9,0.1,0.3,3.1,4.3,3.1,8.1,11.2,3.5,1.3,1.2,2.3,3.8,13.7,0.576,0.588,0.2,0.579,0.735,0.623
74,Paul Millsap,30500000,Cap space,2018-19,33,DEN,NBA,27.1,17.9,70,65,1895,6.1,12.6,5,9.6,1.1,3,3.4,4.7,2.9,6.7,9.6,2.7,1.6,1,1.8,3.5,16.8,0.484,0.522,0.365,0.528,0.727,0.57
75,Jahlil Okafor,1702486,Minimum Salary,2018-19,23,NOP,NBA,15.8,17.9,59,24,935,8.2,13.9,8.1,13.7,0,0.2,2.3,3.4,3.2,7.5,10.7,1.5,0.6,1.5,2,3.7,18.6,0.586,0.591,0.2,0.587,0.663,0.603
76,Malcolm Brogdon,20000000,0,2018-19,26,MIL,NBA,28.6,17.8,64,64,1832,7.4,14.7,5.4,9.9,2,4.8,2.8,3,1.3,4.4,5.7,4,0.9,0.3,1.8,2,19.7,0.505,0.544,0.426,0.575,0.928,0.614
77,Taj Gibson,9800000,0,2018-19,33,MIN,NBA,24.1,17.8,70,57,1686,6.5,11.5,6.3,10.7,0.2,0.7,2.9,3.8,3.7,6.1,9.8,1.8,1.1,0.8,1.6,4,16.1,0.566,0.583,0.324,0.576,0.757,0.612
78,Mason Plumlee,14041096,Cap space,2018-19,28,DEN,NBA,21.1,17.8,82,17,1731,5.4,9.2,5.4,9,0,0.2,2.3,4.1,3.4,7.5,10.9,5.1,1.4,1.6,2.6,5.2,13.2,0.593,0.602,0.2,0.595,0.561,0.602
79,Victor Oladipo,21000000,1st Round Pick,2018-19,26,IND,NBA,31.9,17.6,36,36,1147,7.8,18.5,5.5,11.7,2.3,6.8,3.2,4.4,0.7,5.7,6.3,5.8,1.9,0.3,2.6,2.3,21.2,0.423,0.47,0.343,0.486,0.73,0.519
80,Rudy Gay,14000000,0,2018-19,32,SAS,NBA,26.7,17.5,69,51,1842,7.3,14.6,5.9,11,1.4,3.6,2.3,2.9,1.2,8,9.2,3.6,1.1,0.7,2.2,3.1,18.5,0.504,0.537,0.402,0.554,0.816,0.583
81,Buddy Hield,4861208,1st Round pick,2018-19,26,SAC,NBA,31.9,17.5,82,82,2615,8.6,18.7,4.7,9.8,3.8,9,2.4,2.7,1.5,4.2,5.7,2.8,0.8,0.5,2,2.8,23.3,0.458,0.487,0.427,0.56,0.886,0.587
83,Ed Davis,4767000,Room Exception,2018-19,29,BRK,NBA,17.9,17.3,81,1,1446,4.6,7.5,4.6,7.5,0,0,2.5,4,5.4,11.9,17.3,1.5,0.9,0.8,1.6,5.6,11.8,0.616,0.62,0,0.616,0.617,0.632
84,Jeremy Lamb,10500000,0,2018-19,26,CHO,NBA,28.5,17.3,79,55,2250,6.9,15.7,5.1,10.4,1.8,5.3,3.7,4.2,1,5.9,6.9,2.8,1.4,0.5,1.3,2.2,19.3,0.44,0.487,0.348,0.499,0.888,0.552
85,Kevon Looney,4629630,0,2018-19,22,GSW,NBA,18.5,17.3,80,24,1481,5.3,8.4,5.3,8.2,0,0.2,1.6,2.6,4.7,5.4,10.1,3,1.1,1.3,1.2,5.1,12.2,0.625,0.641,0.1,0.627,0.619,0.636
87,Tobias Harris,31034483,0,2018-19,26,TOT,NBA,34.7,17.2,82,82,2847,7.7,15.9,5.8,10.9,2,5,3.4,3.9,0.9,7.3,8.2,2.9,0.6,0.5,1.9,2.3,20.8,0.487,0.528,0.397,0.549,0.866,0.592
88,Alex Len,4160000,Room Exception,2018-19,25,ATL,NBA,20.1,17.2,77,31,1544,7.5,15.1,5.7,10.4,1.7,4.8,3.3,5,3.7,6.2,9.9,2,0.6,1.6,2.3,4.7,19.9,0.494,0.554,0.363,0.551,0.648,0.575
90,Donovan Mitchell,3635760,1st Round Pick,2018-19,22,UTA,NBA,33.7,17.2,77,77,2598,9.2,21.2,6.6,14,2.6,7.2,4.4,5.5,0.8,3.6,4.4,4.5,1.5,0.4,3,2.9,25.3,0.432,0.468,0.362,0.493,0.806,0.537
91,Cody Zeller,14471910,1st Round Pick,2018-19,26,CHO,NBA,25.4,17.2,49,47,1243,5.5,10,5.3,9.4,0.2,0.6,3.2,4.1,3.2,6.5,9.6,3,1.1,1.2,1.8,4.7,14.4,0.551,0.57,0.273,0.559,0.787,0.611
92,Lauri Markkanen,5300400,1st Round Pick,2018-19,21,CHI,NBA,32.3,17.1,52,51,1682,7.3,17,4.8,9.9,2.6,7.1,3.6,4.2,1.6,8.5,10.1,1.6,0.8,0.7,1.8,2.6,20.8,0.43,0.479,0.361,0.506,0.872,0.553
93,CJ McCollum,27556959,1st Round Pick,2018-19,27,POR,NBA,33.9,17,70,70,2375,8.7,18.8,6.1,12.1,2.5,6.7,2.4,2.9,0.9,3.3,4.3,3.1,0.8,0.4,1.6,2.6,22.3,0.459,0.506,0.375,0.527,0.828,0.553
94,Trae Young,6273000,1st Round Pick,2018-19,20,ATL,NBA,30.9,17,81,81,2503,7.6,18.1,5.3,11.1,2.2,6.9,4.9,6,0.9,3.4,4.3,9.4,1,0.2,4.4,2,22.3,0.418,0.477,0.324,0.48,0.829,0.539
95,Jordan Clarkson,13437500,Cap Space,2018-19,26,CLE,NBA,27.3,16.8,81,0,2214,8.6,19.2,6.3,12,2.3,7.2,2.6,3.1,1.3,3.1,4.4,3.2,0.9,0.2,2.2,1.8,22.2,0.448,0.524,0.324,0.509,0.844,0.539
96,Frank Kaminsky,4767000,Room Exception,2018-19,25,CHO,NBA,16.1,16.8,47,0,755,6.6,14.2,4.2,7.6,2.4,6.6,3.8,5.1,1.9,5.9,7.8,3,0.6,0.6,2,3.2,19.3,0.463,0.553,0.36,0.547,0.738,0.587
98,Marc Gasol,25595700,Bird Rights,2018-19,34,TOT,NBA,30.8,16.7,79,72,2436,5.8,12.9,4.3,8.8,1.5,4,2.8,3.7,1.2,8.1,9.3,5.2,1.2,1.3,2.3,3.2,15.8,0.448,0.487,0.363,0.505,0.759,0.546
99,Klay Thompson,32742000,0,2018-19,28,GSW,NBA,34,16.6,78,78,2652,8.9,19,5.6,10.9,3.3,8.1,1.8,2.1,0.5,3.6,4.1,2.5,1.1,0.6,1.6,2.1,22.8,0.467,0.516,0.402,0.553,0.816,0.571
100,Trey Burke,2028594,Minimum Salary,2018-19,26,TOT,NBA,19.4,16.5,58,8,1125,7.6,17.5,5.8,12.4,1.8,5.1,3.3,4,0.9,2.3,3.2,5.1,1.1,0.2,1.6,1.9,20.2,0.431,0.463,0.352,0.482,0.831,0.524
101,Kyle Lowry,33296296,Bird Rights,2018-19,32,TOR,NBA,34,16.5,65,65,2213,4.9,12,2.4,4.7,2.6,7.4,2.6,3.2,0.7,4.4,5.1,9.2,1.5,0.5,3,2.7,15.1,0.411,0.514,0.347,0.518,0.83,0.562
102,Khris Middleton,30603448,0,2018-19,27,MIL,NBA,31.1,16.5,77,77,2393,7.6,17.3,4.9,10.1,2.7,7.1,3.2,3.9,0.8,6.2,6.9,5,1.2,0.1,2.6,2.6,21.2,0.441,0.485,0.378,0.519,0.837,0.558
103,Jaren Jackson,6927480,1st Round Pick,2018-19,19,MEM,NBA,26.1,16.4,58,56,1515,7.1,14,5.9,10.6,1.2,3.4,3.6,4.7,1.7,4.7,6.5,1.5,1.2,1.9,2.3,5.2,19,0.506,0.553,0.359,0.549,0.766,0.591
104,J.J. Barea,2564753,Minimum Salary,2018-19,34,DAL,NBA,19.8,16.3,38,0,752,7.7,18.4,5.9,12.3,1.8,6.1,2.6,3.7,0.6,3.9,4.5,10.1,1.1,0,3.4,2.4,19.9,0.418,0.479,0.297,0.468,0.705,0.495
105,Spencer Dinwiddie,10600000,Minimum Salary,2018-19,25,BRK,NBA,28.1,16.3,68,4,1914,6.9,15.6,4.6,8.6,2.3,7,5.4,6.7,0.5,2.6,3.1,5.8,0.8,0.3,2.9,3.5,21.5,0.442,0.528,0.335,0.517,0.806,0.58
107,T.J. Warren,10810000,1st Round Pick,2018-19,25,PHO,NBA,31.6,16.3,43,36,1360,7.9,16.2,5.8,11.4,2,4.8,2.7,3.3,0.8,3.8,4.6,1.7,1.4,0.8,1.4,3.2,20.4,0.486,0.51,0.428,0.549,0.815,0.58
109,Monte Morris,1588231,Minimum Salary,2018-19,23,DEN,NBA,24,16.2,82,6,1970,6.3,12.8,4.6,8.7,1.7,4.1,1.2,1.5,0.6,2.9,3.5,5.4,1.3,0.1,1,1.9,15.6,0.493,0.531,0.414,0.56,0.802,0.577
110,Thaddeus Young,12900000,0,2018-19,30,IND,NBA,30.7,16.2,81,81,2489,6.4,12.2,5.7,10.1,0.7,2.1,1.3,2,2.8,4.8,7.6,3,1.8,0.5,1.8,2.8,14.8,0.527,0.564,0.349,0.557,0.644,0.569
111,Ante Žižić,2281800,1st Round Pick,2018-19,22,CLE,NBA,18.3,16.2,59,25,1082,6.1,11,6.1,11,0,0,3.1,4.4,3.6,7.1,10.6,1.8,0.4,0.7,2,3.8,15.3,0.553,0.553,,0.553,0.705,0.59
112,Bojan Bogdanović,17000000,0,2018-19,29,IND,NBA,31.8,16.1,81,81,2573,7.3,14.7,5,9.3,2.3,5.4,3.4,4.3,0.5,4.2,4.7,2.3,1,0,1.9,1.9,20.3,0.497,0.538,0.425,0.575,0.807,0.613
113,Bobby Portis,15000000,0,2018-19,23,TOT,NBA,26,16.1,50,28,1299,7.7,17.4,5.7,12.1,2.1,5.3,2.1,2.7,3,8.1,11.2,2,1,0.6,2.1,4,19.7,0.444,0.467,0.393,0.504,0.794,0.529
114,Dewayne Dedmon,13333334,0,2018-19,29,ATL,NBA,25.1,16,64,52,1609,5.8,11.8,3.9,6.9,1.9,4.9,2.1,2.5,2.3,8.4,10.7,2,1.5,1.6,1.9,4.8,15.5,0.492,0.57,0.382,0.571,0.814,0.602
115,Jamal Murray,4444746,1st Round pick,2018-19,21,DEN,NBA,32.6,16,75,74,2447,7.5,17.3,5.3,11.2,2.2,6.1,2.8,3.3,1,3.7,4.7,5.3,1,0.4,2.3,2.3,20.1,0.437,0.476,0.367,0.502,0.848,0.538
116,Robin Lopez,4767000,Room Exception,2018-19,30,CHI,NBA,21.7,15.9,74,36,1606,6.8,12,6.7,11.3,0.2,0.7,2,2.8,3.1,3.3,6.4,2,0.2,1.7,2.2,2.8,15.8,0.568,0.589,0.226,0.575,0.724,0.598
117,Otto Porter,27250576,Bird Rights,2018-19,25,TOT,NBA,30.1,15.9,56,43,1683,6.4,13.8,4.2,8.3,2.2,5.5,1.7,2.1,1.2,5.6,6.7,2.6,1.8,0.7,1.4,2.3,16.7,0.465,0.504,0.406,0.546,0.813,0.569
119,D.J. Augustin,7250000,Cap Space,2018-19,31,ORL,NBA,28,15.7,81,81,2269,5,10.7,3,5.8,2.1,4.9,2.9,3.3,0.7,2.6,3.2,6.8,0.8,0.1,2,1.8,15,0.47,0.511,0.421,0.566,0.866,0.616
120,Gordon Hayward,32700690,Cap space,2018-19,28,BOS,NBA,25.9,15.6,72,18,1863,5.7,12.3,4.2,7.8,1.5,4.5,3,3.6,1,5.2,6.2,4.7,1.2,0.4,2,2,15.9,0.466,0.542,0.333,0.527,0.834,0.575
121,Jabari Parker,6500000,0,2018-19,23,TOT,NBA,26.9,15.5,64,17,1724,7.7,15.6,6.4,11.6,1.3,4.1,2.7,3.8,1.6,7.1,8.8,3.2,1,0.6,3.2,3,19.4,0.493,0.556,0.313,0.533,0.712,0.56
122,Delon Wright,9473684,0,2018-19,26,TOT,NBA,22.7,15.5,75,13,1699,5.1,11.8,4.1,8.3,1.1,3.6,2.5,3.2,1.4,4.2,5.6,5.3,1.9,0.6,1.6,2.2,13.8,0.434,0.492,0.298,0.478,0.793,0.523
123,Nemanja Bjelica,6825000,0,2018-19,30,SAC,NBA,23.2,15.4,77,70,1788,5.7,11.9,3.6,6.8,2.1,5.2,1.4,1.9,2.5,6.4,8.9,3,1.1,1.1,1.7,4,14.9,0.479,0.539,0.401,0.566,0.761,0.585
124,Terrence Ross,12500000,0,2018-19,27,ORL,NBA,26.5,15.4,81,0,2150,7.4,17.2,3.7,7.7,3.6,9.5,2.1,2.4,0.5,4.2,4.7,2.3,1.2,0.5,1.5,2,20.5,0.428,0.484,0.383,0.534,0.875,0.561
125,Jeff Teague,19000000,Cap space,2018-19,30,MIN,NBA,30.1,15.4,42,41,1264,5,11.8,4,8.9,1,3,3.5,4.4,0.5,2.6,3,9.8,1.2,0.5,2.8,2.6,14.5,0.423,0.453,0.333,0.465,0.804,0.528
127,Shabazz Napier,1882867,Cap Space,2018-19,27,BRK,NBA,17.6,15.3,56,2,983,6.2,15.9,3.4,7.6,2.8,8.3,4.2,5.1,0.7,3,3.7,5.2,1.5,0.6,2.4,2.5,19.4,0.389,0.449,0.333,0.476,0.833,0.534
129,Wendell Carter,5201400,1st Round Pick,2018-19,19,CHI,NBA,25.2,15.2,44,44,1110,5.8,12,5.6,11,0.2,1,2.9,3.6,2.8,7.1,10,2.5,0.8,1.9,2.1,4.9,14.8,0.485,0.513,0.188,0.493,0.795,0.541
130,Reggie Jackson,18086956,Bird Rights,2018-19,28,DET,NBA,27.9,15.2,82,82,2289,6.9,16.5,4.2,9.1,2.7,7.4,3.2,3.7,0.7,2.7,3.4,5.4,0.9,0.1,2.3,3.3,19.8,0.421,0.464,0.369,0.504,0.864,0.547
131,Kelly Oubre,15625000,0,2018-19,23,TOT,NBA,28,15.2,69,19,1935,7,15.7,5,9.4,2,6.3,3.5,4.5,1.3,4.7,6,1.6,1.6,1.1,1.9,3.4,19.5,0.445,0.53,0.32,0.51,0.775,0.551
132,Aaron Gordon,19863636,0,2018-19,23,ORL,NBA,33.8,15.1,78,78,2633,6.4,14.3,4.8,9.6,1.7,4.7,2.5,3.5,1.8,6.1,7.8,4,0.8,0.8,2.2,2.4,17,0.449,0.499,0.349,0.507,0.731,0.538
133,J.J. Redick,13486300,0,2018-19,34,PHI,NBA,31.3,15.1,76,63,2379,6.8,15.5,3.2,6.4,3.6,9.2,3.5,3.9,0.3,2.5,2.8,3.1,0.5,0.3,1.5,2,20.8,0.44,0.502,0.397,0.557,0.894,0.602
134,Jayson Tatum,7830000,1st Round Pick,2018-19,20,BOS,NBA,31.1,15.1,79,79,2455,6.8,15.2,5.1,10.6,1.7,4.6,2.9,3.3,1,6,7,2.5,1.2,0.8,1.8,2.5,18.2,0.45,0.483,0.373,0.506,0.855,0.547
136,Mo Bamba,5697600,1st Round Pick,2018-19,20,ORL,NBA,16.3,14.9,47,1,766,5.5,11.4,4.5,8.1,1,3.3,1.7,3,3,7.9,11,1.8,0.6,3,2,4.8,13.7,0.481,0.555,0.3,0.525,0.587,0.539
137,Caris LeVert,2625718,1st Round pick,2018-19,24,BRK,NBA,26.6,14.9,40,25,1063,7,16.4,5.4,11.1,1.6,5.2,2.9,4.2,1.2,3.9,5.1,5.3,1.4,0.5,2.3,2.6,18.5,0.429,0.483,0.312,0.478,0.691,0.509
138,Luke Kornet,2195122,Room Exception,2018-19,23,NYK,NBA,17,14.8,46,18,784,4.9,13,1.7,4.1,3.2,8.9,1.7,2.1,1.3,4.9,6.2,2.5,1.2,1.9,1.1,1.9,14.8,0.378,0.411,0.363,0.502,0.826,0.531
139,Derrick White,1948080,1st Round Pick,2018-19,24,SAS,NBA,25.8,14.8,67,55,1728,5.4,11.3,4.4,8.4,1,3,2,2.6,0.7,4.4,5.1,5.5,1.4,1,2,3,13.8,0.479,0.529,0.338,0.523,0.772,0.555
140,JaMychal Green,4767000,Room Exception,2018-19,28,TOT,NBA,21.1,14.7,65,6,1371,6,12.5,4.2,7.9,1.9,4.6,2.1,2.7,2.7,8,10.7,1.3,1.2,0.9,2.3,5.1,16,0.483,0.53,0.403,0.558,0.792,0.587
142,Brook Lopez,12093024,0,2018-19,30,MIL,NBA,28.7,14.6,81,81,2322,5.5,12.2,2.6,4.2,2.9,7.9,1.7,2.1,0.5,5.6,6.1,1.5,0.8,2.8,1.3,2.9,15.6,0.452,0.613,0.365,0.571,0.842,0.597
143,Emmanuel Mudiay,1737145,Minimum Salary,2018-19,22,NYK,NBA,27.2,14.6,59,42,1607,7.4,16.6,5.8,11.9,1.5,4.7,3.2,4.2,0.7,3.7,4.4,5.1,1,0.4,3.1,2.3,19.6,0.446,0.492,0.329,0.493,0.774,0.531
144,Kelly Olynyk,11667885,Cap space,2018-19,27,MIA,NBA,22.9,14.4,79,36,1812,5.2,11.2,2.9,4.9,2.2,6.3,3,3.7,1.4,6,7.5,2.8,1.1,0.7,2.3,3.6,15.6,0.463,0.604,0.354,0.563,0.822,0.61
145,Malik Beasley,2731714,1st Round pick,2018-19,22,DEN,NBA,23.2,14.2,81,18,1879,6.7,14.1,3.6,6.4,3.1,7.8,1.1,1.3,0.7,3.2,3.8,1.9,1.1,0.2,1.1,2.2,17.6,0.474,0.56,0.402,0.584,0.848,0.599
146,Marcus Morris,15000000,0,2018-19,29,BOS,NBA,27.9,14.2,75,53,2091,6.5,14.5,4,7.8,2.5,6.7,2.5,3,1.3,6.6,7.9,1.9,0.7,0.4,1.6,3.1,18,0.447,0.508,0.375,0.533,0.844,0.568
147,Bogdan Bogdanović,8529386,Cap space,2018-19,26,SAC,NBA,27.8,14.1,70,17,1947,6.7,16,4.2,9.1,2.5,6.9,2.5,3,0.7,3.8,4.5,4.9,1.3,0.3,2.2,2.6,18.3,0.418,0.462,0.36,0.496,0.827,0.53
148,Tomáš Satoranský,10000000,0,2018-19,27,WAS,NBA,27.1,14.1,80,54,2164,4.3,8.8,3.2,6.1,1.1,2.7,2.2,2.7,1.4,3.3,4.6,6.6,1.4,0.2,2,2.9,11.8,0.485,0.524,0.395,0.545,0.819,0.59
149,Aron Baynes,5453280,0,2018-19,32,BOS,NBA,16.1,14,51,18,821,4.6,9.8,3.7,7.1,0.9,2.7,2.3,2.7,3.9,6.7,10.5,2.5,0.5,1.5,1.8,5.5,12.5,0.471,0.519,0.344,0.518,0.855,0.567
150,Derrick Jones,1645357,Minimum Salary,2018-19,21,MIA,NBA,19.2,14,60,14,1153,5,10.1,4.1,7.3,0.9,2.8,2.3,3.8,3,4.5,7.5,1.2,1.4,1.3,1.3,3.8,13.2,0.494,0.567,0.308,0.537,0.607,0.559
151,Kyle Kuzma,1974600,1st Round Pick,2018-19,23,LAL,NBA,33.1,14,70,68,2314,7.7,16.9,5.7,10.3,2,6.6,2.9,3.9,0.9,5,5.9,2.8,0.6,0.4,2.1,2.6,20.3,0.456,0.553,0.303,0.515,0.752,0.546
152,Elfrid Payton,8000000,0,2018-19,24,NOP,NBA,29.8,14,42,42,1250,5.2,11.9,4.2,8.8,1,3,1.6,2.1,1.4,4.9,6.3,9.2,1.3,0.5,3.2,2.3,12.8,0.434,0.476,0.314,0.475,0.743,0.502
153,Josh Richardson,10100000,Minimum Salary,2018-19,25,MIA,NBA,34.8,14,73,73,2539,6,14.5,3.7,8,2.3,6.5,2.8,3.3,0.8,3,3.7,4.2,1.1,0.5,1.6,2.8,17.1,0.412,0.458,0.357,0.492,0.861,0.536
154,Ricky Rubio,16190476,0,2018-19,28,UTA,NBA,27.9,14,68,67,1899,5.6,13.8,4.1,9,1.5,4.8,3.7,4.3,0.6,4,4.6,7.9,1.7,0.2,3.4,3.4,16.4,0.404,0.454,0.311,0.458,0.855,0.52
156,Goran Dragić,19217900,Bird Rights,2018-19,32,MIA,NBA,27.5,13.9,36,22,991,6.5,15.7,4.4,9.8,2.1,6,2.9,3.7,0.7,3.3,4,6.3,1.1,0.2,2.6,2.9,17.9,0.413,0.454,0.348,0.479,0.782,0.517
157,Noah Vonleh,2000000,MLE,2018-19,23,NYK,NBA,25.3,13.9,68,57,1722,4.3,9.2,3.4,6.3,1,2.9,2.3,3.3,2.4,8.7,11,2.7,1,1.1,1.8,3.6,11.9,0.47,0.531,0.336,0.523,0.712,0.561
158,Jerami Grant,9346153,0,2018-19,24,OKC,NBA,32.7,13.8,80,77,2612,5.6,11.3,4.1,7.3,1.6,4,2.2,3,1.3,4.4,5.7,1.1,0.8,1.4,0.9,2.9,15,0.497,0.555,0.392,0.567,0.71,0.592
159,Tyus Jones,8408000,MLE,2018-19,22,MIN,NBA,22.9,13.7,68,23,1560,4.3,10.3,3.3,7.4,0.9,2.9,1.3,1.6,0.5,2.6,3.1,7.5,1.9,0.1,1.1,1.8,10.8,0.415,0.453,0.317,0.46,0.841,0.491
160,Fred VanVleet,9000000,Bird Rights,2018-19,24,TOR,NBA,27.5,13.7,64,28,1760,5,12.3,2.7,6.2,2.3,6.1,2,2.4,0.4,3,3.4,6.3,1.2,0.4,1.7,2.3,14.3,0.41,0.441,0.378,0.503,0.843,0.539
161,Pat Connaughton,1723050,0,2018-19,26,MIL,NBA,20.7,13.6,61,2,1261,4.7,10,2.8,4.3,1.9,5.7,0.8,1.1,1.7,5.6,7.4,3.5,0.9,0.7,0.9,2.3,12,0.466,0.647,0.33,0.56,0.725,0.573
162,Jeff Green,2564753,Minimum Salary,2018-19,32,WAS,NBA,27.2,13.6,77,44,2097,5.6,11.8,3.7,6.3,1.9,5.5,3.1,3.5,1,4.3,5.3,2.4,0.7,0.7,1.7,2.7,16.2,0.475,0.586,0.347,0.555,0.888,0.608
163,Tim Hardaway,18150000,Cap space,2018-19,26,TOT,NBA,31.6,13.6,65,63,2057,6.8,17.4,4,9,2.8,8.3,4.1,4.8,0.6,3.3,3.9,2.8,0.9,0.1,1.8,2.5,20.5,0.393,0.442,0.34,0.474,0.841,0.527
164,Jaylen Brown,6534829,1st Rd pick,2018-19,22,BOS,NBA,25.9,13.5,74,25,1913,6.9,14.9,5.1,9.7,1.8,5.2,2.5,3.8,1.2,4.7,5.9,1.9,1.3,0.6,1.9,3.5,18.1,0.465,0.529,0.344,0.525,0.658,0.547
165,Zach Collins,4240200,1st Round Pick,2018-19,21,POR,NBA,17.6,13.5,77,0,1356,5,10.6,4,7.4,1.1,3.2,2.5,3.3,2.9,5.7,8.6,1.9,0.7,1.8,2,4.6,13.6,0.473,0.534,0.331,0.523,0.746,0.562
166,Joe Harris,7670000,Early Bird Rights,2018-19,27,BRK,NBA,30.2,13.5,76,76,2293,5.9,11.7,3,5.7,2.9,6.1,1.7,2.1,0.8,3.8,4.6,2.8,0.6,0.3,1.9,2.9,16.3,0.5,0.528,0.474,0.622,0.827,0.645
168,Jake Layman,3581986,0,2018-19,24,POR,NBA,18.7,13.5,71,33,1327,5.9,11.5,4.3,6.6,1.6,4.9,1.4,1.9,1.5,4.4,5.9,1.4,0.8,0.8,1.2,3.1,14.7,0.509,0.646,0.326,0.579,0.704,0.594
170,Shai Gilgeous-Alexander,3952920,1st Round Pick,2018-19,20,LAC,NBA,26.5,13.4,82,73,2174,5.6,11.9,4.8,9.6,0.8,2.3,2.6,3.2,0.9,2.9,3.8,4.5,1.6,0.7,2.3,2.9,14.7,0.476,0.503,0.367,0.512,0.8,0.554
171,Joe Ingles,11954546,Bird Rights,2018-19,31,UTA,NBA,31.3,13.4,82,82,2568,5,11.2,2.4,4.5,2.6,6.8,1.2,1.7,0.5,4.1,4.6,6.6,1.4,0.3,2.7,2.5,13.9,0.448,0.533,0.391,0.565,0.707,0.581
172,Brandon Ingram,7265485,1st Round pick,2018-19,21,LAL,NBA,33.8,13.4,52,52,1760,7.4,14.9,6.8,13,0.6,1.9,4,5.9,0.8,4.6,5.5,3.2,0.6,0.6,2.6,3,19.4,0.497,0.521,0.33,0.518,0.675,0.555
173,T.J. McConnell,3500000,Cap Space,2018-19,26,PHI,NBA,19.3,13.4,76,3,1470,5.4,10.3,5,9.2,0.3,1,0.7,0.9,0.7,3.6,4.3,6.3,1.9,0.4,2.2,2.6,11.8,0.525,0.546,0.333,0.542,0.784,0.555
174,Robert Covington,11301219,Cap Space,2018-19,28,TOT,NBA,34.4,13.3,35,35,1203,4.7,10.8,2.1,4.1,2.5,6.7,2,2.7,0.8,4.9,5.8,1.4,2.2,1.4,1.4,3.8,13.9,0.431,0.518,0.378,0.548,0.764,0.58
176,Michael Kidd-Gilchrist,13000000,1st Round Pick,2018-19,25,CHO,NBA,18.4,13.3,64,3,1179,4.8,10.1,4.3,8.7,0.5,1.4,2.9,3.8,2.7,4.8,7.5,1.9,1,1.2,1.3,4.8,13,0.476,0.498,0.34,0.5,0.772,0.553
177,Norman Powell,10116576,Cap Space,2018-19,25,TOR,NBA,18.8,13.3,60,3,1126,6.2,12.8,4,7.4,2.2,5.4,2,2.4,0.5,3.9,4.4,2.9,1.2,0.4,2.1,3.1,16.5,0.483,0.543,0.4,0.568,0.827,0.596
178,Al-Farouq Aminu,9258000,MLE,2018-19,28,POR,NBA,28.3,13.2,81,81,2292,4,9.3,2.5,4.9,1.5,4.4,2.4,2.7,1.8,7.8,9.6,1.6,1.1,0.5,1.1,2.2,11.9,0.433,0.514,0.343,0.514,0.867,0.568
179,Maurice Harkless,11511234,Cap Space,2018-19,25,POR,NBA,23.6,13.2,60,53,1415,4.8,9.9,4,6.8,0.8,3.1,1.2,1.9,2,4.9,6.8,1.9,1.7,1.3,1.1,4.1,11.7,0.487,0.582,0.275,0.53,0.671,0.547
180,Patty Mills,12428571,Bird Rights,2018-19,30,SAS,NBA,23.3,13.2,82,1,1908,5.3,12.5,2.3,4.9,3,7.6,1.7,1.9,0.5,3,3.4,4.6,0.9,0.2,1.8,2.4,15.3,0.425,0.475,0.394,0.545,0.854,0.572
181,Miles Bridges,3755400,1st Round Pick,2018-19,20,CHO,NBA,21.2,13.1,80,25,1696,5,10.8,3.7,6.6,1.4,4.2,1.2,1.6,1.4,5.4,6.9,2,1.2,1,1.1,2.4,12.7,0.464,0.553,0.325,0.527,0.753,0.548
182,Andre Iguodala,17185185,Bird Rights,2018-19,35,GSW,NBA,23.2,13.1,68,13,1578,3.4,6.9,2.3,3.6,1.1,3.3,0.9,1.5,1.1,4.7,5.7,4.9,1.4,1.2,1.2,2.2,8.9,0.5,0.652,0.333,0.579,0.582,0.587
183,Maxi Kleber,8000000,0,2018-19,27,DAL,NBA,21.2,13.1,71,18,1502,4.2,9.3,2.3,4,1.8,5.2,1.4,1.8,2.2,5.7,7.9,1.7,0.9,1.9,1.3,3.4,11.6,0.453,0.583,0.353,0.553,0.784,0.579
184,Dario Šarić,3481986,1st Round pick,2018-19,24,TOT,NBA,25,13.1,81,41,2023,5.4,12.4,3.3,6.6,2.1,5.7,2.3,2.7,2.2,5.9,8.1,2.3,0.8,0.2,1.7,3.2,15.3,0.437,0.499,0.365,0.522,0.88,0.563
185,Marcus Smart,12553471,0,2018-19,24,BOS,NBA,27.5,13.1,80,60,2200,3.9,9.3,1.8,3.6,2.1,5.7,1.7,2.1,0.9,2.9,3.8,5.3,2.3,0.5,2,3.3,11.6,0.422,0.511,0.364,0.533,0.806,0.568
186,Dāvis Bertāns,7000000,Early Bird Rights,2018-19,26,SAS,NBA,21.5,13,76,12,1632,4.5,10,1.3,2.5,3.2,7.5,1.2,1.3,0.5,5.3,5.8,2.2,0.8,0.7,0.9,2.9,13.4,0.45,0.513,0.429,0.61,0.883,0.632
187,Danny Green,14634146,0,2018-19,31,TOR,NBA,27.7,13,80,80,2216,4.8,10.2,1.5,3.2,3.2,7.1,0.6,0.7,1,4.2,5.1,2,1.2,0.9,1.2,2.8,13.3,0.465,0.487,0.455,0.622,0.841,0.632
188,Jonathan Isaac,5806440,1st Round Pick,2018-19,21,ORL,NBA,26.6,13,75,64,1996,4.7,11,3.2,6.2,1.6,4.8,2,2.4,1.8,5.6,7.4,1.4,1.1,1.8,1.4,2.6,13,0.429,0.51,0.323,0.499,0.815,0.537
189,Kentavious Caldwell-Pope,8089282,0,2018-19,25,LAL,NBA,24.8,12.9,82,23,2035,5.7,13.4,3.1,5.7,2.7,7.7,2.4,2.8,0.8,3.4,4.2,1.9,1.3,0.2,1.1,2.4,16.6,0.43,0.542,0.347,0.53,0.867,0.568
190,Draymond Green,18539130,Bird Rights,2018-19,28,GSW,NBA,31.3,12.9,66,66,2065,3.3,7.4,2.5,4.5,0.8,2.9,1.1,1.6,1,7.3,8.4,7.9,1.7,1.2,2.9,3.4,8.5,0.445,0.549,0.285,0.501,0.692,0.526
191,Terry Rozier,19894737,0,2018-19,24,BOS,NBA,22.7,12.9,79,14,1791,5.2,13.4,2.8,6.6,2.4,6.8,1.5,1.9,0.6,5.5,6.2,4.6,1.4,0.4,1.4,2,14.2,0.387,0.422,0.353,0.477,0.785,0.501
192,Kyle Anderson,9073050,MLE,2018-19,25,MEM,NBA,29.8,12.8,43,40,1281,4.2,7.8,4,6.8,0.3,1,1,1.8,1.3,5.7,7.1,3.6,1.5,1,1.6,3.1,9.7,0.543,0.583,0.265,0.56,0.578,0.569
193,Harrison Barnes,18973214,0,2018-19,26,TOT,NBA,32.9,12.8,77,77,2533,6.1,14.6,3.7,8.3,2.5,6.3,3.3,4,0.8,4.3,5.1,1.6,0.7,0.2,1.4,1.7,18,0.42,0.439,0.395,0.504,0.824,0.55
194,Jalen Brunson,1416582,Cap Space,2018-19,22,DAL,NBA,21.8,12.8,73,38,1591,6,12.8,4.5,8.7,1.4,4.1,2,2.7,0.6,3.3,3.8,5.2,0.8,0.1,2,2.9,15.3,0.467,0.523,0.348,0.523,0.725,0.549
196,Justise Winslow,13000000,1st round pick,2018-19,22,MIA,NBA,29.7,12.8,66,52,1959,6,13.8,4.2,9.1,1.8,4.7,1.6,2.5,1.2,5.4,6.5,5.2,1.3,0.3,2.6,3.3,15.3,0.433,0.462,0.375,0.497,0.628,0.513
197,Alec Burks,2320044,Minimum Salary,2018-19,27,TOT,NBA,21.5,12.7,64,24,1375,5,12.4,3.4,8,1.6,4.4,3,3.7,0.8,5.4,6.2,3.4,1,0.5,1.7,2.4,14.7,0.405,0.428,0.363,0.469,0.823,0.523
198,Yogi Ferrell,3150000,Cap Space,2018-19,25,SAC,NBA,15,12.7,71,3,1067,5.2,11.9,3.3,6.8,1.8,5,2,2.3,0.4,3.2,3.7,4.6,1.2,0.1,1.3,2.2,14.2,0.435,0.488,0.362,0.511,0.896,0.55
199,Trey Lyles,5500000,MLE,2018-19,23,DEN,NBA,17.5,12.7,64,2,1120,6.7,15.9,5,9.5,1.6,6.4,2.6,3.7,1.4,6.5,7.9,2.8,1,0.7,2.2,3,17.6,0.418,0.529,0.255,0.47,0.698,0.5
200,Dennis Schröder,15500000,1st Round Pick,2018-19,25,OKC,NBA,29.3,12.7,79,14,2314,7.1,17.2,5.2,11.5,1.9,5.7,2.9,3.5,0.6,3.8,4.4,5,1,0.2,2.7,2.9,19,0.414,0.45,0.341,0.47,0.819,0.508
201,Marvin Williams,15006250,Cap Space,2018-19,32,CHO,NBA,28.4,12.6,75,75,2133,4.6,11,2.3,4.6,2.4,6.4,1.1,1.5,1.3,5.6,6.9,1.6,1.2,1,0.8,2.6,12.8,0.422,0.5,0.366,0.529,0.767,0.548
202,Rondae Hollis-Jefferson,2500000,MLE,2018-19,24,BRK,NBA,20.9,12.5,59,21,1234,5.8,14.2,5.6,12.8,0.3,1.4,3.4,5.3,2.4,6.6,9,2.8,1.3,0.8,2,3.1,15.4,0.411,0.436,0.184,0.42,0.645,0.464
203,David Nwaba,1678854,0,2018-19,26,CLE,NBA,19.3,12.5,51,14,984,4.6,9.6,3.7,6.8,0.9,2.7,2.1,3.1,1.5,4.5,6,2,1.3,0.6,1.1,3.9,12.2,0.481,0.545,0.32,0.527,0.682,0.558
205,Kris Dunn,5348007,1st Round pick,2018-19,24,CHI,NBA,30.2,12.4,46,44,1389,5.6,13.1,4.7,10.6,0.9,2.5,1.4,1.8,0.5,4.4,4.8,7.2,1.8,0.5,2.7,4.3,13.5,0.425,0.441,0.354,0.458,0.797,0.484
206,Shaquille Harrison,898310,0,2018-19,25,CHI,NBA,19.6,12.4,73,11,1430,4.6,10.7,4,8.5,0.6,2.2,2.1,3.1,0.8,4.8,5.6,3.5,2.2,0.8,1.5,3.1,11.9,0.432,0.475,0.27,0.46,0.667,0.494
207,Tyler Johnson,19245370,Cap Space,2018-19,26,TOT,NBA,26.8,12.4,57,22,1529,5.1,12.4,3,6.3,2.1,6.1,2.2,3,0.8,3.3,4.1,3.9,1.3,0.6,1.8,2.3,14.6,0.413,0.477,0.346,0.498,0.748,0.532
208,Omari Spellman,1897800,1st Round Pick,2018-19,21,ATL,NBA,17.5,12.4,46,11,805,4.4,10.9,2.4,5.2,2,5.7,1.4,2,3.2,5.5,8.7,2.1,1.2,1.1,1.4,3,12.2,0.402,0.466,0.344,0.492,0.711,0.516
209,Andrew Wiggins,27270000,1st Round Pick,2018-19,23,MIN,NBA,34.8,12.4,73,73,2543,7,17.1,5.4,12.2,1.7,4.9,2.9,4.2,1.2,3.8,5,2.6,1,0.7,2,2.2,18.7,0.412,0.441,0.339,0.461,0.699,0.493
210,Evan Fournier,17000000,Cap Space,2018-19,26,ORL,NBA,31.5,12.3,81,81,2553,6.6,15.1,4.4,8.7,2.2,6.3,1.9,2.4,0.5,3.1,3.6,4.2,1,0.2,2.2,3.2,17.3,0.438,0.509,0.34,0.509,0.806,0.536
211,Rodney Hood,5718000,MLE,2018-19,26,TOT,NBA,26.3,12.3,72,49,1893,5.6,12.8,4,8.3,1.6,4.5,2.6,2.9,0.5,2.5,3,2.4,1.1,0.2,1,2.8,15.3,0.435,0.478,0.356,0.498,0.884,0.545
212,Dennis Smith,4463640,1st Round Pick,2018-19,21,TOT,NBA,28.5,12.3,53,50,1508,6.6,15.5,5,10.6,1.6,5,2.4,3.7,0.8,2.9,3.7,6,1.6,0.5,3.7,3.1,17.2,0.428,0.477,0.322,0.479,0.635,0.502
213,Eric Gordon,14057730,Cap Space,2018-19,30,HOU,NBA,31.7,12.2,68,53,2158,6.4,15.6,2.8,5.6,3.6,10,2,2.5,0.3,2.2,2.5,2.2,0.7,0.5,1.5,2.4,18.4,0.409,0.497,0.36,0.525,0.783,0.549
214,Gary Harris,17839286,1st Round Pick,2018-19,24,DEN,NBA,28.8,12.2,57,48,1639,5.9,14,4.1,8.7,1.8,5.3,2.5,3.2,0.9,2.6,3.5,2.8,1.2,0.4,1.5,2.5,16.2,0.424,0.476,0.339,0.488,0.799,0.526
215,Danuel House,3540000,MLE,2018-19,25,HOU,NBA,25.1,12.2,39,13,979,4.3,9.3,1.6,2.7,2.7,6.5,2.1,2.6,0.9,4.2,5.1,1.5,0.8,0.4,1.3,2.9,13.5,0.468,0.595,0.416,0.615,0.789,0.646
216,Allonzo Trier,3551100,Bi-Annual Exception,2018-19,23,NYK,NBA,22.8,12.2,64,3,1459,5.7,12.8,4.4,9.5,1.3,3.3,4.4,5.5,0.8,4.1,4.9,2.9,0.7,0.3,2.9,2.9,17.1,0.448,0.466,0.394,0.498,0.803,0.564
217,DeMarre Carroll,7000000,0,2018-19,32,BRK,NBA,25.4,12.1,67,8,1703,4.8,12.2,2.6,5.6,2.2,6.6,3.9,5.1,1.4,5.9,7.4,1.8,0.7,0.2,1.5,2.4,15.7,0.395,0.457,0.342,0.487,0.76,0.546
218,Jae Crowder,7815533,Bird Rights,2018-19,28,UTA,NBA,27.1,12.1,80,11,2166,5.3,13.2,2.4,4.6,2.9,8.7,2.4,3.3,1,5.4,6.4,2.2,1.1,0.5,1.4,2.8,15.8,0.399,0.527,0.331,0.508,0.721,0.538
219,George Hill,9133907,0,2018-19,32,TOT,NBA,21.7,12.1,60,13,1302,4.7,10.4,3.4,6.2,1.3,4.2,1.9,2.4,1.1,3,4.1,3.7,1.4,0.2,1.4,2.8,12.7,0.452,0.547,0.314,0.516,0.824,0.554
221,Rajon Rondo,2564753,0,2018-19,32,LAL,NBA,29.8,12.1,46,29,1369,4.6,11.4,3.3,7.6,1.3,3.7,0.6,0.9,0.9,5.5,6.4,9.7,1.5,0.2,3.3,2.6,11.1,0.405,0.428,0.359,0.464,0.639,0.473
222,Trevor Ariza,12200000,0,2018-19,33,TOT,NBA,34,12,69,69,2349,4.5,11.3,2.3,4.6,2.2,6.7,2,2.5,0.8,4.9,5.7,3.9,1.4,0.3,1.6,2,13.2,0.399,0.493,0.334,0.498,0.793,0.534
223,Bryn Forbes,2875000,Early Bird Rights,2018-19,25,SAS,NBA,28,12,82,81,2293,5.7,12.4,2.9,5.9,2.8,6.5,1.1,1.2,0.3,3.5,3.8,2.7,0.7,0.1,1.3,2.5,15.2,0.456,0.489,0.426,0.568,0.885,0.586
224,Collin Sexton,4764960,1st Round Pick,2018-19,20,CLE,NBA,31.8,12,82,72,2605,7.2,16.7,5.5,12.6,1.6,4.1,3,3.5,0.8,2.5,3.3,3.4,0.6,0.1,2.6,2.6,18.9,0.43,0.44,0.402,0.48,0.839,0.52
225,Nicolas Batum,25565217,Cap Space,2018-19,30,CHO,NBA,31.4,11.9,75,72,2354,3.9,8.6,2.1,4,1.8,4.6,1.2,1.4,1.1,4.9,6,3.8,1.1,0.7,1.8,2.1,10.7,0.45,0.519,0.389,0.553,0.865,0.581
226,Kent Bazemore,19269662,Cap Space,2018-19,29,ATL,NBA,24.5,11.9,67,35,1643,6.1,15.1,4,8.6,2.1,6.6,2.8,3.8,0.8,4.9,5.7,3.3,2,0.9,2.7,3.7,17.1,0.402,0.465,0.32,0.472,0.726,0.507
227,Marco Belinelli,5846154,MLE,2018-19,32,SAS,NBA,23,11.9,79,1,1815,5.7,13.7,2.7,5.9,2.9,7.8,2.2,2.5,0.3,3.6,3.9,2.6,0.7,0.2,1.4,2.4,16.4,0.413,0.468,0.372,0.52,0.903,0.557
228,Luke Kennard,3827160,1st Round Pick,2018-19,22,DET,NBA,22.8,11.9,63,10,1437,5.7,13,3.1,6.3,2.7,6.7,1.3,1.5,0.3,4.3,4.6,2.9,0.7,0.3,1.4,2.3,15.4,0.438,0.486,0.394,0.54,0.836,0.56
229,Taurean Waller-Prince,3481986,1st Round pick,2018-19,24,ATL,NBA,28.2,11.9,55,47,1552,6.1,13.8,3.2,6.5,2.9,7.3,2.2,2.7,0.5,4.1,4.6,2.7,1.2,0.4,2.3,3.3,17.2,0.441,0.498,0.39,0.545,0.819,0.575
230,Patrick Beverley,12345679,0,2018-19,30,LAC,NBA,27.4,11.8,78,49,2137,3.3,8,1.4,3.3,1.9,4.8,1.6,2.1,1.3,5.3,6.5,5.1,1.1,0.7,1.4,4.5,10,0.407,0.421,0.397,0.524,0.78,0.561
231,Vince Carter,2564753,Minimum Salary,2018-19,42,ATL,NBA,17.5,11.8,76,9,1330,5.3,12.7,2,4.1,3.3,8.6,1.3,1.8,0.8,4.4,5.3,2.4,1.2,0.7,1.3,3.8,15.2,0.419,0.48,0.389,0.55,0.712,0.565
232,Wayne Ellington,7804878,0,2018-19,31,TOT,NBA,24.5,11.8,53,38,1297,5.1,12.7,1.3,2.4,3.8,10.3,1.1,1.4,0.4,2.6,3,2,1.5,0.2,1.1,2.6,15.1,0.403,0.541,0.371,0.554,0.796,0.569
233,Malik Monk,4028400,1st Round Pick,2018-19,20,CHO,NBA,17.2,11.8,73,0,1258,6.5,16.8,3.4,7.3,3.1,9.4,2.6,2.9,0.5,3.5,3.9,3.3,1.1,0.5,2.5,3,18.7,0.387,0.461,0.33,0.48,0.882,0.518
234,Ish Smith,5853659,MLE,2018-19,30,DET,NBA,22.3,11.8,56,0,1251,5.9,14.1,4.6,10.2,1.3,3.9,1.4,1.8,0.7,3.5,4.2,5.8,0.8,0.3,1.8,3.1,14.4,0.419,0.455,0.326,0.464,0.758,0.485
236,Dwayne Bacon,1618520,MLE,2018-19,23,CHO,NBA,17.7,11.7,43,13,759,5.8,12.2,4,8.1,1.8,4.1,1.6,2.2,0.4,3.8,4.2,2.2,0.6,0.2,0.9,3.4,15,0.475,0.494,0.437,0.549,0.739,0.57
237,Lonzo Ball,8719320,1st Round Pick,2018-19,21,LAL,NBA,30.3,11.7,47,45,1423,4.7,11.5,2.8,5.8,1.9,5.8,0.5,1.2,1.4,5,6.3,6.5,1.7,0.5,2.6,2.9,11.8,0.406,0.482,0.329,0.488,0.417,0.487
239,Tim Frazier,1882867,0,2018-19,28,TOT,NBA,19,11.7,59,19,1120,3.7,8.4,2.5,5.1,1.2,3.2,1.3,1.7,1.3,4.1,5.4,8,1,0.2,2.4,3.6,10,0.444,0.494,0.366,0.515,0.759,0.544
240,Shaun Livingston,666667,0,2018-19,33,GSW,NBA,15.1,11.7,64,0,967,4.1,7.8,4.1,7.7,0,0.1,1.5,1.9,1.6,2.8,4.4,4.2,1.2,1,1.4,2.8,9.6,0.519,0.524,0,0.519,0.784,0.555
241,Markieff Morris,3200000,Bi-annual Exception,2018-19,29,TOT,NBA,21.9,11.7,58,16,1270,5.8,13.7,3.9,8,1.9,5.8,2,2.6,1.7,5.8,7.5,2.2,1,0.6,1.5,5,15.5,0.421,0.484,0.335,0.492,0.772,0.521
242,Ryan Arcidiacono,3000000,0,2018-19,24,CHI,NBA,24.2,11.6,81,32,1961,3.4,7.7,1.9,3.7,1.5,4,1.6,1.9,0.5,3.5,4,4.9,1.2,0.1,1.2,3.1,10,0.447,0.527,0.373,0.544,0.873,0.588
244,Ersan İlyasova,7000000,MLE,2018-19,31,MIL,NBA,18.4,11.6,67,7,1231,4.9,11.1,3.2,6.5,1.7,4.7,1.8,2.2,2.7,6.1,8.8,1.5,0.9,0.6,1.4,5,13.2,0.438,0.493,0.363,0.514,0.824,0.548
245,Doug McDermott,7333334,0,2018-19,27,IND,NBA,17.4,11.6,77,1,1340,5.6,11.3,3.3,5.8,2.3,5.5,1.8,2.1,0.5,2.5,2.9,1.8,0.5,0.2,1.1,2.8,15.2,0.491,0.569,0.408,0.59,0.835,0.617
246,Evan Turner,18606557,Cap Space,2018-19,30,POR,NBA,22,11.6,73,2,1605,4.6,9.9,4.3,8.8,0.2,1.2,1.7,2.4,0.8,6.5,7.4,6.3,0.7,0.4,2.6,2.5,11.1,0.46,0.494,0.212,0.473,0.708,0.504
248,E'Twaun Moore,8664928,Cap Space,2018-19,29,NOP,NBA,27.6,11.5,53,36,1463,6.3,13.1,4.4,8.8,1.9,4.3,1.1,1.5,0.9,2.3,3.1,2.5,1,0.2,1.5,2.8,15.6,0.481,0.506,0.432,0.553,0.763,0.567
249,Cedi Osman,2907143,MLE,2018-19,23,CLE,NBA,32.2,11.5,76,75,2444,5.3,12.4,3.4,6.9,1.9,5.5,2.1,2.7,0.7,4.6,5.3,2.9,0.9,0.2,1.7,2.9,14.6,0.427,0.489,0.348,0.504,0.779,0.536
250,Cameron Payne,150000,0,2018-19,24,TOT,NBA,17.8,11.5,40,13,712,4.9,11.3,3.6,7,1.3,4.2,1.7,2.1,0.7,3,3.6,5.4,1.4,0.5,2.3,3.2,12.6,0.43,0.511,0.298,0.487,0.805,0.519
251,Seth Curry,7441860,MLE,2018-19,28,POR,NBA,18.9,11.4,74,2,1399,5.5,12,2.5,5.5,2.9,6.5,1.1,1.3,0.7,2.4,3.1,1.7,0.9,0.3,1.6,2.5,15,0.456,0.463,0.45,0.577,0.846,0.595
252,Gerald Green,2564753,Minimum Salary,2018-19,33,HOU,NBA,20.2,11.4,73,0,1473,5.6,14.1,1.8,3.3,3.8,10.8,1.4,1.7,0.7,3.7,4.4,1,0.8,0.7,1.3,3.1,16.5,0.4,0.547,0.354,0.535,0.838,0.555
253,Dion Waiters,12100000,Cap space,2018-19,27,MIA,NBA,25.9,11.4,44,28,1138,6.3,15.1,2.8,6,3.4,9.1,0.7,1.4,0.2,3.4,3.7,3.8,0.9,0.3,2,2.3,16.7,0.414,0.471,0.377,0.528,0.5,0.53
254,Justin Jackson,3280920,1st Round Pick,2018-19,23,TOT,NBA,19.9,11.3,81,14,1614,4.8,10.8,2.9,5.4,1.9,5.5,1.4,1.8,1,3.7,4.7,2.1,0.7,0.3,0.6,2.2,13,0.447,0.542,0.355,0.537,0.785,0.561
255,Thon Maker,3569643,1st Round pick,2018-19,21,TOT,NBA,15.2,11.3,64,5,972,4,9.9,2.2,4.3,1.8,5.7,2.1,3.1,1.5,6,7.5,1.7,0.8,1.9,1.2,3.9,12,0.407,0.522,0.32,0.498,0.667,0.53
256,Tyson Chandler,2564753,Minimum Salary,2018-19,36,TOT,NBA,15.9,11.2,55,6,875,2.5,4.1,2.5,4,0,0,2.1,3.6,3.8,8.8,12.6,1.5,0.9,0.9,1.7,4.5,7.1,0.616,0.622,0,0.616,0.586,0.63
257,Dante Exum,9600000,Cap Space,2018-19,23,UTA,NBA,15.8,11.2,42,1,664,5.5,13.1,4.5,9.7,1,3.4,3.7,4.7,0.9,2.8,3.7,6,0.8,0.3,2.8,3.7,15.6,0.419,0.464,0.29,0.456,0.791,0.516
258,Kyle Korver,3440000,0,2018-19,37,TOT,NBA,19.1,11.2,70,0,1334,5.4,13,1.7,3.6,3.7,9.4,1.6,2,0.2,4.1,4.4,2.2,0.7,0.3,1.6,2.9,16.2,0.416,0.467,0.397,0.559,0.822,0.582
259,Matthew Dellavedova,9607500,Cap Space,2018-19,28,TOT,NBA,16.9,11.1,48,0,812,4.3,10.7,2.4,5,2,5.8,1.9,2.3,0.3,3.1,3.4,8,0.6,0.1,3,3.3,12.5,0.405,0.482,0.338,0.496,0.808,0.532
260,Will Barton,12960000,0,2018-19,28,DEN,NBA,27.7,11,43,38,1189,5.6,13.9,3.6,8,2,5.9,1.7,2.2,1,5.1,6,3.8,0.5,0.7,2,2.5,15,0.402,0.447,0.342,0.475,0.77,0.501
261,James Ennis,1882867,0,2018-19,28,TOT,NBA,21.2,11,58,27,1230,4,8.6,2.4,4,1.6,4.6,1.7,2.4,1.8,3.6,5.3,1.2,1.2,0.7,1,4.4,11.4,0.469,0.601,0.353,0.563,0.716,0.59
262,Dorian Finney-Smith,4000000,0,2018-19,25,DAL,NBA,24.5,11,81,26,1985,4.1,9.6,2.7,5,1.4,4.6,1.3,1.9,2.5,4.6,7.1,1.7,1.3,0.7,1.3,3.4,11,0.432,0.544,0.311,0.507,0.709,0.53
263,Juan Hernangómez,3321030,1st Round pick,2018-19,23,DEN,NBA,19.4,11,70,25,1358,3.7,8.3,1.9,3.5,1.7,4.8,1.7,2.3,1.7,5.3,7,1.5,0.7,0.6,1,2.5,10.8,0.439,0.541,0.365,0.545,0.767,0.58
264,Cory Joseph,12000000,0,2018-19,27,IND,NBA,25.2,11,82,9,2063,3.9,9.6,3,6.6,1,3,0.5,0.8,0.7,4.2,4.9,5.6,1.6,0.4,1.4,2.3,9.4,0.412,0.454,0.322,0.463,0.698,0.474
265,Rodions Kurucs,1699236,0,2018-19,20,BRK,NBA,20.5,11,63,46,1294,5.6,12.5,4,7.4,1.6,5.1,2,2.6,1.6,5.3,6.8,1.4,1.1,0.7,2.1,4.1,14.9,0.45,0.543,0.315,0.514,0.783,0.545
266,Landry Shamet,1995120,1st Round Pick,2018-19,21,TOT,NBA,22.8,11,79,27,1802,4.8,11.1,1.5,3.2,3.3,7.9,1.5,1.9,0.4,2.3,2.7,2.3,0.7,0.2,0.9,3.1,14.4,0.431,0.453,0.422,0.581,0.806,0.604
268,Sterling Brown,1618520,MLE,2018-19,23,MIL,NBA,17.8,10.9,58,7,1034,5,10.9,3.2,5.7,1.8,5.1,1,1.5,1,5.4,6.4,2.9,0.9,0.3,1.6,3.1,13,0.465,0.558,0.361,0.55,0.69,0.563
269,James Johnson,15349400,Cap space,2018-19,31,MIA,NBA,21.2,10.9,55,33,1164,5.1,11.7,3.5,7.1,1.5,4.6,1.5,2.2,0.7,4.8,5.4,4.2,1.1,0.8,2.3,3.5,13.2,0.433,0.496,0.336,0.499,0.714,0.522
270,DeAndre' Bembry,2603982,1st Round pick,2018-19,24,ATL,NBA,23.5,10.8,82,15,1931,5.1,11.5,4.2,8.3,0.9,3.2,1.6,2.5,1,5.7,6.7,3.8,2,0.8,2.6,3.5,12.8,0.446,0.508,0.289,0.487,0.64,0.508
271,Mikal Bridges,4161000,1st Round Pick,2018-19,22,PHO,NBA,29.5,10.8,82,56,2417,3.6,8.4,2,3.7,1.6,4.7,1.4,1.8,0.8,3.1,3.9,2.6,1.9,0.6,1,3,10.2,0.43,0.548,0.335,0.523,0.805,0.556
272,Damyean Dotson,1618520,Minimum Salary,2018-19,24,NYK,NBA,27.5,10.8,73,40,2004,5.2,12.5,2.9,6.4,2.3,6.1,1.3,1.8,0.6,4.1,4.7,2.4,1,0.2,1.3,2.4,14,0.415,0.461,0.368,0.506,0.745,0.526
274,Mario Hezonja,1737145,Minimum Salary,2018-19,23,NYK,NBA,20.8,10.8,58,24,1206,5.7,13.9,4.4,9.3,1.3,4.5,2.6,3.4,0.8,6.3,7.1,2.6,1.7,0.2,2.6,3.3,15.3,0.412,0.478,0.276,0.457,0.763,0.497
275,Mike Muscala,2028594,0,2018-19,27,TOT,NBA,20.4,10.8,64,10,1306,4,10,1.5,2.9,2.5,7.1,1.9,2.3,1.6,5.2,6.7,2.1,0.6,1,1.3,3.6,12.4,0.402,0.533,0.348,0.525,0.824,0.564
276,Langston Galloway,7333333,MLE,2018-19,27,DET,NBA,21.8,10.7,80,4,1745,4.7,12.1,1.9,4.3,2.8,7.8,1.7,2,1,2.5,3.5,1.8,0.8,0.2,0.5,2.8,13.9,0.388,0.449,0.355,0.503,0.844,0.534
278,Tony Snell,11392857,Cap space,2018-19,27,MIL,NBA,17.6,10.7,74,12,1304,4.5,10,2.3,4.3,2.2,5.6,1,1.2,0.8,3.5,4.3,1.9,0.7,0.5,0.6,2.5,12.3,0.452,0.522,0.397,0.564,0.881,0.585
279,Josh Jackson,7059480,1st Round Pick,2018-19,21,PHO,NBA,25.2,10.6,79,29,1988,6.3,15.2,5,11.2,1.3,4.1,2.6,3.9,1.2,5.1,6.3,3.3,1.3,1,3.1,3.8,16.5,0.413,0.445,0.324,0.456,0.671,0.487
280,Reggie Bullock,4000000,Room Exception,2018-19,27,TOT,NBA,29.8,10.5,63,60,1879,4.7,11.4,1.9,3.9,2.8,7.5,1.4,1.6,0.4,2.9,3.3,2.5,0.8,0.2,1.2,2.1,13.6,0.412,0.483,0.377,0.537,0.859,0.563
282,Torrey Craig,2100000,Cap Space,2018-19,28,DEN,NBA,20,10.4,75,37,1503,3.8,8.7,2.4,4.2,1.5,4.5,1.2,1.7,2.1,4.2,6.3,1.7,0.9,1.1,1.1,4.2,10.3,0.442,0.569,0.324,0.526,0.7,0.547
284,Wesley Matthews,2564753,0,2018-19,32,TOT,NBA,30.3,10.3,69,68,2091,4.8,12,2.2,5.1,2.6,6.9,2.3,2.8,0.6,2.4,2.9,2.8,0.9,0.3,1.6,2.8,14.5,0.4,0.437,0.372,0.507,0.81,0.546
285,D.J. Wilson,2961120,1st Round Pick,2018-19,22,MIL,NBA,18.4,10.3,48,3,882,4.2,10.2,2.4,5.1,1.9,5.2,1.1,1.9,1.8,7.2,9.1,2.1,0.7,0.8,1.3,3.5,11.4,0.414,0.468,0.362,0.506,0.553,0.515
287,Kevin Huerter,2636280,1st Round Pick,2018-19,20,ATL,NBA,27.3,10.1,75,59,2048,4.8,11.5,2.4,5.3,2.4,6.2,0.7,1,1.1,3.3,4.3,3.8,1.1,0.4,1.9,2.7,12.8,0.419,0.457,0.385,0.522,0.732,0.533
288,Justin Holiday,4767000,Room Exception,2018-19,29,TOT,NBA,31.8,10,82,77,2607,4.1,10.7,1.9,4.3,2.2,6.4,1.3,1.5,0.6,3.8,4.5,2,1.7,0.5,1.4,2.3,11.8,0.386,0.442,0.348,0.49,0.896,0.52
289,De'Anthony Melton,1416852,0,2018-19,20,PHO,NBA,19.7,9.9,50,31,984,3.7,9.4,2.6,5.9,1.1,3.5,0.8,1,0.9,4,4.9,5.8,2.5,0.8,2.7,4.1,9.1,0.391,0.441,0.305,0.447,0.75,0.466
291,OG Anunoby,2281800,1st Round Pick,2018-19,21,TOR,NBA,20.2,9.8,67,6,1352,4.9,10.8,3.1,5.4,1.8,5.4,1,1.7,1.5,3.7,5.2,1.3,1.2,0.6,1.5,3.7,12.5,0.453,0.574,0.332,0.536,0.581,0.544
293,Kenrich Williams,1416852,Minimum Salary,2018-19,24,NOP,NBA,23.5,9.7,46,29,1079,3.6,9.3,1.8,4.1,1.7,5.2,0.4,0.6,1.8,5.5,7.3,2.8,1.5,0.6,1.2,3.2,9.3,0.384,0.447,0.333,0.477,0.684,0.485
295,Stanley Johnson,3623000,Bi-annual Exception,2018-19,22,TOT,NBA,18.3,9.6,66,7,1208,5.1,13.1,3.2,6.7,1.8,6.4,1.5,1.9,1,5.5,6.5,2.6,1.8,0.4,2.4,3.4,13.5,0.389,0.484,0.288,0.459,0.781,0.485
297,Dragan Bender,1678854,Minimum Salary,2018-19,21,PHO,NBA,18,9.5,46,27,826,3.8,8.6,2.9,4.2,1,4.4,1.4,2.4,1.5,6.5,8,2.4,0.8,1,1.6,3.9,10,0.447,0.688,0.218,0.503,0.593,0.521
299,Frank Jackson,1618520,MLE,2018-19,20,NOP,NBA,19.2,9.4,61,16,1169,6,13.8,4.3,8.6,1.6,5.2,1.7,2.2,0.8,3.4,4.1,2.1,0.8,0.1,1.5,2.8,15.2,0.434,0.507,0.314,0.493,0.74,0.517
300,Rodney McGruder,4629630,0,2018-19,27,MIA,NBA,23.5,9.4,66,45,1550,4.3,10.7,2.5,5.5,1.8,5.2,1.2,1.7,1.4,4.1,5.5,2.6,0.8,0.3,1.5,2.7,11.7,0.403,0.453,0.351,0.489,0.722,0.51